{
"avg_TS_f1_0": 0.6333333333333333,
"std_TS_f1_0": 0.04714045207910316,
"avg_TS_ap_0": 0.693747903110188,
"std_TS_ap_0": 0.047942319863614545,
"avg_TS_auc_0": 0.9509764309764309,
"std_TS_auc_0": 0.029999641001982345,
"avg_TS_pc_0": 0.6333333333333333,
"std_TS_pc_0": 0.04714045207910316,
"avg_TS_pf_0": 0.003703703703703704,
"std_TS_pf_0": 0.00047616618261720373,
"avg_TS_th_0": 0.4857692778110502,
"std_TS_th_0": 0.022718982636570885,
"avg_TS_f1_all": 0.6333333333333333,
"std_TS_f1_all": 0.04714045207910316,
"avg_TS_ap_all": 0.693747903110188,
"std_TS_ap_all": 0.047942319863614545,
"avg_TS_auc_all": 0.9509764309764309,
"std_TS_auc_all": 0.029999641001982345,
"avg_TS_pc_all": 0.6333333333333333,
"std_TS_pc_all": 0.04714045207910316,
"avg_TS_pf_all": 0.003703703703703704,
"std_TS_pf_all": 0.00047616618261720373,
"avg_TS_th_all": 0.4857692778110502,
"std_TS_th_all": 0.022718982636570885
}