{
"avg_TS_f1_0": 0.3666666666666667,
"std_TS_f1_0": 0.1247219128924647,
"avg_TS_ap_0": 0.2812794507924615,
"std_TS_ap_0": 0.12273597119564965,
"avg_TS_auc_0": 0.9176430976430976,
"std_TS_auc_0": 0.038344684383668746,
"avg_TS_pc_0": 0.3666666666666667,
"std_TS_pc_0": 0.1247219128924647,
"avg_TS_pf_0": 0.006397306397306397,
"std_TS_pf_0": 0.0012598173019440879,
"avg_TS_th_0": 0.36812030394872014,
"std_TS_th_0": 0.031216882181270545,
"avg_TS_f1_all": 0.3666666666666667,
"std_TS_f1_all": 0.1247219128924647,
"avg_TS_ap_all": 0.2812794507924615,
"std_TS_ap_all": 0.12273597119564965,
"avg_TS_auc_all": 0.9176430976430976,
"std_TS_auc_all": 0.038344684383668746,
"avg_TS_pc_all": 0.3666666666666667,
"std_TS_pc_all": 0.1247219128924647,
"avg_TS_pf_all": 0.006397306397306397,
"std_TS_pf_all": 0.0012598173019440879,
"avg_TS_th_all": 0.36812030394872014,
"std_TS_th_all": 0.031216882181270545
}