{
"avg_TS_f1_0": 0.4666666666666666,
"std_TS_f1_0": 0.20548046676563253,
"avg_TS_ap_0": 0.5646620949483961,
"std_TS_ap_0": 0.2740231761497813,
"avg_TS_auc_0": 0.9812794612794612,
"std_TS_auc_0": 0.01932794842720269,
"avg_TS_pc_0": 0.49999999999999994,
"std_TS_pc_0": 0.21602468994692864,
"avg_TS_pf_0": 0.005050505050505051,
"std_TS_pf_0": 0.0021820675752215017,
"avg_TS_th_0": 0.44128850529591235,
"std_TS_th_0": 0.028234289976204974,
"avg_TS_f1_all": 0.4666666666666666,
"std_TS_f1_all": 0.20548046676563253,
"avg_TS_ap_all": 0.5646620949483961,
"std_TS_ap_all": 0.2740231761497813,
"avg_TS_auc_all": 0.9812794612794612,
"std_TS_auc_all": 0.01932794842720269,
"avg_TS_pc_all": 0.49999999999999994,
"std_TS_pc_all": 0.21602468994692864,
"avg_TS_pf_all": 0.005050505050505051,
"std_TS_pf_all": 0.0021820675752215017,
"avg_TS_th_all": 0.44128850529591235,
"std_TS_th_all": 0.028234289976204974
}