{
"avg_TS_f1_0": 0.9333333333333335,
"std_TS_f1_0": 0.09428090415820627,
"avg_TS_ap_0": 0.9409351851851852,
"std_TS_ap_0": 0.08353026217016642,
"avg_TS_auc_0": 0.9964983164983164,
"std_TS_auc_0": 0.004952128299218898,
"avg_TS_pc_0": 0.9333333333333332,
"std_TS_pc_0": 0.09428090415820632,
"avg_TS_pf_0": 0.0006734006734006734,
"std_TS_pf_0": 0.0009523323652344073,
"avg_TS_th_0": 0.5547189950942985,
"std_TS_th_0": 0.03620837014811098,
"avg_TS_f1_all": 0.9333333333333335,
"std_TS_f1_all": 0.09428090415820627,
"avg_TS_ap_all": 0.9409351851851852,
"std_TS_ap_all": 0.08353026217016642,
"avg_TS_auc_all": 0.9964983164983164,
"std_TS_auc_all": 0.004952128299218898,
"avg_TS_pc_all": 0.9333333333333332,
"std_TS_pc_all": 0.09428090415820632,
"avg_TS_pf_all": 0.0006734006734006734,
"std_TS_pf_all": 0.0009523323652344073,
"avg_TS_th_all": 0.5547189950942985,
"std_TS_th_all": 0.03620837014811098
}