{
"avg_TS_f1_0": 0.4666666666666666,
"std_TS_f1_0": 0.20548046676563253,
"avg_TS_ap_0": 0.4008063265947284,
"std_TS_ap_0": 0.24852672977987533,
"avg_TS_auc_0": 0.9694949494949494,
"std_TS_auc_0": 0.021285587065255712,
"avg_TS_pc_0": 0.4666666666666666,
"std_TS_pc_0": 0.20548046676563253,
"avg_TS_pf_0": 0.0053872053872053875,
"std_TS_pf_0": 0.0020755602703599247,
"avg_TS_th_0": 0.41983856201171843,
"std_TS_th_0": 0.030761142371567015,
"avg_TS_f1_all": 0.4666666666666666,
"std_TS_f1_all": 0.20548046676563253,
"avg_TS_ap_all": 0.4008063265947284,
"std_TS_ap_all": 0.24852672977987533,
"avg_TS_auc_all": 0.9694949494949494,
"std_TS_auc_all": 0.021285587065255712,
"avg_TS_pc_all": 0.4666666666666666,
"std_TS_pc_all": 0.20548046676563253,
"avg_TS_pf_all": 0.0053872053872053875,
"std_TS_pf_all": 0.0020755602703599247,
"avg_TS_th_all": 0.41983856201171843,
"std_TS_th_all": 0.030761142371567015
}