{
"avg_TS_f1_0": 0.46666666666666673,
"std_TS_f1_0": 0.04714045207910313,
"avg_TS_ap_0": 0.5177984609894625,
"std_TS_ap_0": 0.05386988655359067,
"avg_TS_auc_0": 0.9578114478114478,
"std_TS_auc_0": 0.013004917022840465,
"avg_TS_pc_0": 0.4666666666666666,
"std_TS_pc_0": 0.04714045207910316,
"avg_TS_pf_0": 0.0053872053872053875,
"std_TS_pf_0": 0.0004761661826172035,
"avg_TS_th_0": 0.39068811555703475,
"std_TS_th_0": 0.009062632817494379,
"avg_TS_f1_all": 0.46666666666666673,
"std_TS_f1_all": 0.04714045207910313,
"avg_TS_ap_all": 0.5177984609894625,
"std_TS_ap_all": 0.05386988655359067,
"avg_TS_auc_all": 0.9578114478114478,
"std_TS_auc_all": 0.013004917022840465,
"avg_TS_pc_all": 0.4666666666666666,
"std_TS_pc_all": 0.04714045207910316,
"avg_TS_pf_all": 0.0053872053872053875,
"std_TS_pf_all": 0.0004761661826172035,
"avg_TS_th_all": 0.39068811555703475,
"std_TS_th_all": 0.009062632817494379
}