{
"avg_TS_f1_0": 0.30000000000000004,
"std_TS_f1_0": 0.14142135623730953,
"avg_TS_ap_0": 0.20959779299665307,
"std_TS_ap_0": 0.129582731510839,
"avg_TS_auc_0": 0.8718181818181819,
"std_TS_auc_0": 0.08387249316279197,
"avg_TS_pc_0": 0.3,
"std_TS_pc_0": 0.14142135623730953,
"avg_TS_pf_0": 0.00707070707070707,
"std_TS_pf_0": 0.001428498547851611,
"avg_TS_th_0": 0.37353693634271606,
"std_TS_th_0": 0.05013065050944089,
"avg_TS_f1_all": 0.30000000000000004,
"std_TS_f1_all": 0.14142135623730953,
"avg_TS_ap_all": 0.20959779299665307,
"std_TS_ap_all": 0.129582731510839,
"avg_TS_auc_all": 0.8718181818181819,
"std_TS_auc_all": 0.08387249316279197,
"avg_TS_pc_all": 0.3,
"std_TS_pc_all": 0.14142135623730953,
"avg_TS_pf_all": 0.00707070707070707,
"std_TS_pf_all": 0.001428498547851611,
"avg_TS_th_all": 0.37353693634271606,
"std_TS_th_all": 0.05013065050944089
}