{
"avg_TS_f1_0": 0.7333333333333333,
"std_TS_f1_0": 0.30912061651652345,
"avg_TS_ap_0": 0.78946915852179,
"std_TS_ap_0": 0.27146111336027423,
"avg_TS_auc_0": 0.994983164983165,
"std_TS_auc_0": 0.006811174018474119,
"avg_TS_pc_0": 0.7333333333333333,
"std_TS_pc_0": 0.30912061651652345,
"avg_TS_pf_0": 0.0026936026936026937,
"std_TS_pf_0": 0.0031224304698638733,
"avg_TS_th_0": 0.5105921656886735,
"std_TS_th_0": 0.06949772165878162,
"avg_TS_f1_all": 0.7333333333333333,
"std_TS_f1_all": 0.30912061651652345,
"avg_TS_ap_all": 0.78946915852179,
"std_TS_ap_all": 0.27146111336027423,
"avg_TS_auc_all": 0.994983164983165,
"std_TS_auc_all": 0.006811174018474119,
"avg_TS_pc_all": 0.7333333333333333,
"std_TS_pc_all": 0.30912061651652345,
"avg_TS_pf_all": 0.0026936026936026937,
"std_TS_pf_all": 0.0031224304698638733,
"avg_TS_th_all": 0.5105921656886735,
"std_TS_th_all": 0.06949772165878162
}