{
"avg_TS_f1_0": 0.6666666666666666,
"std_TS_f1_0": 0.09428090415820642,
"avg_TS_ap_0": 0.6785137085137086,
"std_TS_ap_0": 0.04703467169372844,
"avg_TS_auc_0": 0.9943771043771044,
"std_TS_auc_0": 0.0013408961448983614,
"avg_TS_pc_0": 0.6666666666666666,
"std_TS_pc_0": 0.09428090415820636,
"avg_TS_pf_0": 0.003367003367003367,
"std_TS_pf_0": 0.0009523323652344075,
"avg_TS_th_0": 0.581059466600418,
"std_TS_th_0": 0.059058326619070685,
"avg_TS_f1_all": 0.6666666666666666,
"std_TS_f1_all": 0.09428090415820642,
"avg_TS_ap_all": 0.6785137085137086,
"std_TS_ap_all": 0.04703467169372844,
"avg_TS_auc_all": 0.9943771043771044,
"std_TS_auc_all": 0.0013408961448983614,
"avg_TS_pc_all": 0.6666666666666666,
"std_TS_pc_all": 0.09428090415820636,
"avg_TS_pf_all": 0.003367003367003367,
"std_TS_pf_all": 0.0009523323652344075,
"avg_TS_th_all": 0.581059466600418,
"std_TS_th_all": 0.059058326619070685
}