{
"avg_TS_f1_0": 0.6666666666666666,
"std_TS_f1_0": 0.04714045207910316,
"avg_TS_ap_0": 0.7336149115695435,
"std_TS_ap_0": 0.06148238403838652,
"avg_TS_auc_0": 0.9675084175084175,
"std_TS_auc_0": 0.005638700343097833,
"avg_TS_pc_0": 0.6666666666666666,
"std_TS_pc_0": 0.04714045207910316,
"avg_TS_pf_0": 0.0033670033670033673,
"std_TS_pf_0": 0.0004761661826172037,
"avg_TS_th_0": 0.6132602536678313,
"std_TS_th_0": 0.055127495121433556,
"avg_TS_f1_all": 0.6666666666666666,
"std_TS_f1_all": 0.04714045207910316,
"avg_TS_ap_all": 0.7336149115695435,
"std_TS_ap_all": 0.06148238403838652,
"avg_TS_auc_all": 0.9675084175084175,
"std_TS_auc_all": 0.005638700343097833,
"avg_TS_pc_all": 0.6666666666666666,
"std_TS_pc_all": 0.04714045207910316,
"avg_TS_pf_all": 0.0033670033670033673,
"std_TS_pf_all": 0.0004761661826172037,
"avg_TS_th_all": 0.6132602536678313,
"std_TS_th_all": 0.055127495121433556
}