{
"avg_TS_f1_0": 0.6666666666666666,
"std_TS_f1_0": 0.04714045207910316,
"avg_TS_ap_0": 0.7089796036696466,
"std_TS_ap_0": 0.04146392232315411,
"avg_TS_auc_0": 0.9695959595959597,
"std_TS_auc_0": 0.012748365824987102,
"avg_TS_pc_0": 0.6666666666666666,
"std_TS_pc_0": 0.04714045207910316,
"avg_TS_pf_0": 0.0033670033670033673,
"std_TS_pf_0": 0.0004761661826172037,
"avg_TS_th_0": 0.5614910594622291,
"std_TS_th_0": 0.0831562779028062,
"avg_TS_f1_all": 0.6666666666666666,
"std_TS_f1_all": 0.04714045207910316,
"avg_TS_ap_all": 0.7089796036696466,
"std_TS_ap_all": 0.04146392232315411,
"avg_TS_auc_all": 0.9695959595959597,
"std_TS_auc_all": 0.012748365824987102,
"avg_TS_pc_all": 0.6666666666666666,
"std_TS_pc_all": 0.04714045207910316,
"avg_TS_pf_all": 0.0033670033670033673,
"std_TS_pf_all": 0.0004761661826172037,
"avg_TS_th_all": 0.5614910594622291,
"std_TS_th_all": 0.0831562779028062
}