{
"avg_TS_f1_0": 0.20000000000000004,
"std_TS_f1_0": 0.16329931618554525,
"avg_TS_ap_0": 0.21168672922861922,
"std_TS_ap_0": 0.1256553371587823,
"avg_TS_auc_0": 0.9461952861952861,
"std_TS_auc_0": 0.04404444528869196,
"avg_TS_pc_0": 0.20000000000000004,
"std_TS_pc_0": 0.16329931618554522,
"avg_TS_pf_0": 0.008080808080808083,
"std_TS_pf_0": 0.0016494880422782347,
"avg_TS_th_0": 0.4575588454802831,
"std_TS_th_0": 0.09662305504784663,
"avg_TS_f1_all": 0.20000000000000004,
"std_TS_f1_all": 0.16329931618554525,
"avg_TS_ap_all": 0.21168672922861922,
"std_TS_ap_all": 0.1256553371587823,
"avg_TS_auc_all": 0.9461952861952861,
"std_TS_auc_all": 0.04404444528869196,
"avg_TS_pc_all": 0.20000000000000004,
"std_TS_pc_all": 0.16329931618554522,
"avg_TS_pf_all": 0.008080808080808083,
"std_TS_pf_all": 0.0016494880422782347,
"avg_TS_th_all": 0.4575588454802831,
"std_TS_th_all": 0.09662305504784663
}