{
"avg_TS_f1_0": 0.9333333333333335,
"std_TS_f1_0": 0.09428090415820627,
"avg_TS_ap_0": 0.960679012345679,
"std_TS_ap_0": 0.05560827402664576,
"avg_TS_auc_0": 0.9990572390572391,
"std_TS_auc_0": 0.001333265311328179,
"avg_TS_pc_0": 0.9333333333333332,
"std_TS_pc_0": 0.09428090415820632,
"avg_TS_pf_0": 0.0006734006734006734,
"std_TS_pf_0": 0.0009523323652344073,
"avg_TS_th_0": 0.5876428133249275,
"std_TS_th_0": 0.040979686579027445,
"avg_TS_f1_all": 0.9333333333333335,
"std_TS_f1_all": 0.09428090415820627,
"avg_TS_ap_all": 0.960679012345679,
"std_TS_ap_all": 0.05560827402664576,
"avg_TS_auc_all": 0.9990572390572391,
"std_TS_auc_all": 0.001333265311328179,
"avg_TS_pc_all": 0.9333333333333332,
"std_TS_pc_all": 0.09428090415820632,
"avg_TS_pf_all": 0.0006734006734006734,
"std_TS_pf_all": 0.0009523323652344073,
"avg_TS_th_all": 0.5876428133249275,
"std_TS_th_all": 0.040979686579027445
}