{
"avg_TS_f1_0": 0.3333333333333333,
"std_TS_f1_0": 0.20548046676563253,
"avg_TS_ap_0": 0.2679398995462288,
"std_TS_ap_0": 0.17964801250016535,
"avg_TS_auc_0": 0.9391245791245791,
"std_TS_auc_0": 0.05178554070249694,
"avg_TS_pc_0": 0.3333333333333333,
"std_TS_pc_0": 0.20548046676563253,
"avg_TS_pf_0": 0.006734006734006734,
"std_TS_pf_0": 0.0020755602703599247,
"avg_TS_th_0": 0.4065317538380622,
"std_TS_th_0": 0.049794427185903774,
"avg_TS_f1_all": 0.3333333333333333,
"std_TS_f1_all": 0.20548046676563253,
"avg_TS_ap_all": 0.2679398995462288,
"std_TS_ap_all": 0.17964801250016535,
"avg_TS_auc_all": 0.9391245791245791,
"std_TS_auc_all": 0.05178554070249694,
"avg_TS_pc_all": 0.3333333333333333,
"std_TS_pc_all": 0.20548046676563253,
"avg_TS_pf_all": 0.006734006734006734,
"std_TS_pf_all": 0.0020755602703599247,
"avg_TS_th_all": 0.4065317538380622,
"std_TS_th_all": 0.049794427185903774
}