{
"avg_TS_f1_0": 0.6333333333333333,
"std_TS_f1_0": 0.09428090415820632,
"avg_TS_ap_0": 0.7381965826890352,
"std_TS_ap_0": 0.0672767810679664,
"avg_TS_auc_0": 0.9752525252525253,
"std_TS_auc_0": 0.002810187422877488,
"avg_TS_pc_0": 0.6333333333333333,
"std_TS_pc_0": 0.09428090415820632,
"avg_TS_pf_0": 0.003703703703703704,
"std_TS_pf_0": 0.0009523323652344077,
"avg_TS_th_0": 0.6067140620946881,
"std_TS_th_0": 0.0512412814353041,
"avg_TS_f1_all": 0.6333333333333333,
"std_TS_f1_all": 0.09428090415820632,
"avg_TS_ap_all": 0.7381965826890352,
"std_TS_ap_all": 0.0672767810679664,
"avg_TS_auc_all": 0.9752525252525253,
"std_TS_auc_all": 0.002810187422877488,
"avg_TS_pc_all": 0.6333333333333333,
"std_TS_pc_all": 0.09428090415820632,
"avg_TS_pf_all": 0.003703703703703704,
"std_TS_pf_all": 0.0009523323652344077,
"avg_TS_th_all": 0.6067140620946881,
"std_TS_th_all": 0.0512412814353041
}