{
"avg_TS_f1_0": 0.3666666666666667,
"std_TS_f1_0": 0.1247219128924647,
"avg_TS_ap_0": 0.3091157158925353,
"std_TS_ap_0": 0.15517652515871655,
"avg_TS_auc_0": 0.9561952861952863,
"std_TS_auc_0": 0.04121091083365966,
"avg_TS_pc_0": 0.3333333333333333,
"std_TS_pc_0": 0.16996731711975951,
"avg_TS_pf_0": 0.006734006734006734,
"std_TS_pf_0": 0.0017168415870682774,
"avg_TS_th_0": 0.4837422894438106,
"std_TS_th_0": 0.0723421245556469,
"avg_TS_f1_all": 0.3666666666666667,
"std_TS_f1_all": 0.1247219128924647,
"avg_TS_ap_all": 0.3091157158925353,
"std_TS_ap_all": 0.15517652515871655,
"avg_TS_auc_all": 0.9561952861952863,
"std_TS_auc_all": 0.04121091083365966,
"avg_TS_pc_all": 0.3333333333333333,
"std_TS_pc_all": 0.16996731711975951,
"avg_TS_pf_all": 0.006734006734006734,
"std_TS_pf_all": 0.0017168415870682774,
"avg_TS_th_all": 0.4837422894438106,
"std_TS_th_all": 0.0723421245556469
}