{
"avg_TS_f1_0": 0.5666666666666668,
"std_TS_f1_0": 0.04714045207910316,
"avg_TS_ap_0": 0.5854522835072667,
"std_TS_ap_0": 0.017684886918758247,
"avg_TS_auc_0": 0.9587205387205388,
"std_TS_auc_0": 0.0139248285131166,
"avg_TS_pc_0": 0.5666666666666668,
"std_TS_pc_0": 0.04714045207910316,
"avg_TS_pf_0": 0.004377104377104377,
"std_TS_pf_0": 0.0004761661826172039,
"avg_TS_th_0": 0.43665415366490673,
"std_TS_th_0": 0.030608587992686752,
"avg_TS_f1_all": 0.5666666666666668,
"std_TS_f1_all": 0.04714045207910316,
"avg_TS_ap_all": 0.5854522835072667,
"std_TS_ap_all": 0.017684886918758247,
"avg_TS_auc_all": 0.9587205387205388,
"std_TS_auc_all": 0.0139248285131166,
"avg_TS_pc_all": 0.5666666666666668,
"std_TS_pc_all": 0.04714045207910316,
"avg_TS_pf_all": 0.004377104377104377,
"std_TS_pf_all": 0.0004761661826172039,
"avg_TS_th_all": 0.43665415366490673,
"std_TS_th_all": 0.030608587992686752
}