{
"avg_TS_f1_0": 0.39999999999999997,
"std_TS_f1_0": 0.1632993161855452,
"avg_TS_ap_0": 0.43192281331199417,
"std_TS_ap_0": 0.20186433017285288,
"avg_TS_auc_0": 0.9804040404040405,
"std_TS_auc_0": 0.018164600901542628,
"avg_TS_pc_0": 0.39999999999999997,
"std_TS_pc_0": 0.1632993161855452,
"avg_TS_pf_0": 0.006060606060606061,
"std_TS_pf_0": 0.0016494880422782345,
"avg_TS_th_0": 0.5166232512394585,
"std_TS_th_0": 0.04197069376086026,
"avg_TS_f1_all": 0.39999999999999997,
"std_TS_f1_all": 0.1632993161855452,
"avg_TS_ap_all": 0.43192281331199417,
"std_TS_ap_all": 0.20186433017285288,
"avg_TS_auc_all": 0.9804040404040405,
"std_TS_auc_all": 0.018164600901542628,
"avg_TS_pc_all": 0.39999999999999997,
"std_TS_pc_all": 0.1632993161855452,
"avg_TS_pf_all": 0.006060606060606061,
"std_TS_pf_all": 0.0016494880422782345,
"avg_TS_th_all": 0.5166232512394585,
"std_TS_th_all": 0.04197069376086026
}