{
"avg_TS_f1_0": 0.5333333333333333,
"std_TS_f1_0": 0.04714045207910316,
"avg_TS_ap_0": 0.5382230693505584,
"std_TS_ap_0": 0.07379935742098784,
"avg_TS_auc_0": 0.9531649831649832,
"std_TS_auc_0": 0.014727243475728399,
"avg_TS_pc_0": 0.5333333333333333,
"std_TS_pc_0": 0.04714045207910316,
"avg_TS_pf_0": 0.004713804713804714,
"std_TS_pf_0": 0.0004761661826172039,
"avg_TS_th_0": 0.4777350015441575,
"std_TS_th_0": 0.035727264876504114,
"avg_TS_f1_all": 0.5333333333333333,
"std_TS_f1_all": 0.04714045207910316,
"avg_TS_ap_all": 0.5382230693505584,
"std_TS_ap_all": 0.07379935742098784,
"avg_TS_auc_all": 0.9531649831649832,
"std_TS_auc_all": 0.014727243475728399,
"avg_TS_pc_all": 0.5333333333333333,
"std_TS_pc_all": 0.04714045207910316,
"avg_TS_pf_all": 0.004713804713804714,
"std_TS_pf_all": 0.0004761661826172039,
"avg_TS_th_all": 0.4777350015441575,
"std_TS_th_all": 0.035727264876504114
}