{
"avg_TS_f1_0": 0.8333333333333335,
"std_TS_f1_0": 0.047140452079103105,
"avg_TS_ap_0": 0.9376897176897177,
"std_TS_ap_0": 0.02973442747249844,
"avg_TS_auc_0": 0.9990235690235689,
"std_TS_auc_0": 0.0007483538980098491,
"avg_TS_pc_0": 0.8333333333333334,
"std_TS_pc_0": 0.04714045207910316,
"avg_TS_pf_0": 0.0016835016835016834,
"std_TS_pf_0": 0.00047616618261720373,
"avg_TS_th_0": 0.5758932329217589,
"std_TS_th_0": 0.08245258993607751,
"avg_TS_f1_all": 0.8333333333333335,
"std_TS_f1_all": 0.047140452079103105,
"avg_TS_ap_all": 0.9376897176897177,
"std_TS_ap_all": 0.02973442747249844,
"avg_TS_auc_all": 0.9990235690235689,
"std_TS_auc_all": 0.0007483538980098491,
"avg_TS_pc_all": 0.8333333333333334,
"std_TS_pc_all": 0.04714045207910316,
"avg_TS_pf_all": 0.0016835016835016834,
"std_TS_pf_all": 0.00047616618261720373,
"avg_TS_th_all": 0.5758932329217589,
"std_TS_th_all": 0.08245258993607751
}