{
"avg_TS_f1_0": 0.7666666666666667,
"std_TS_f1_0": 0.12472191289246475,
"avg_TS_ap_0": 0.7949002781890789,
"std_TS_ap_0": 0.1838259627515572,
"avg_TS_auc_0": 0.9932659932659934,
"std_TS_auc_0": 0.007465793769820946,
"avg_TS_pc_0": 0.7666666666666667,
"std_TS_pc_0": 0.12472191289246475,
"avg_TS_pf_0": 0.002356902356902357,
"std_TS_pf_0": 0.0012598173019440879,
"avg_TS_th_0": 0.5513213670253752,
"std_TS_th_0": 0.07778346758132604,
"avg_TS_f1_all": 0.7666666666666667,
"std_TS_f1_all": 0.12472191289246475,
"avg_TS_ap_all": 0.7949002781890789,
"std_TS_ap_all": 0.1838259627515572,
"avg_TS_auc_all": 0.9932659932659934,
"std_TS_auc_all": 0.007465793769820946,
"avg_TS_pc_all": 0.7666666666666667,
"std_TS_pc_all": 0.12472191289246475,
"avg_TS_pf_all": 0.002356902356902357,
"std_TS_pf_all": 0.0012598173019440879,
"avg_TS_th_all": 0.5513213670253752,
"std_TS_th_all": 0.07778346758132604
}