{
"avg_TS_f1_0": 0.23333333333333336,
"std_TS_f1_0": 0.20548046676563253,
"avg_TS_ap_0": 0.19338184104564063,
"std_TS_ap_0": 0.07526902847037059,
"avg_TS_auc_0": 0.9223569023569024,
"std_TS_auc_0": 0.03195713694513297,
"avg_TS_pc_0": 0.2333333333333333,
"std_TS_pc_0": 0.20548046676563256,
"avg_TS_pf_0": 0.007744107744107745,
"std_TS_pf_0": 0.002075560270359925,
"avg_TS_th_0": 0.4458134186267851,
"std_TS_th_0": 0.06626917742728801,
"avg_TS_f1_all": 0.23333333333333336,
"std_TS_f1_all": 0.20548046676563253,
"avg_TS_ap_all": 0.19338184104564063,
"std_TS_ap_all": 0.07526902847037059,
"avg_TS_auc_all": 0.9223569023569024,
"std_TS_auc_all": 0.03195713694513297,
"avg_TS_pc_all": 0.2333333333333333,
"std_TS_pc_all": 0.20548046676563256,
"avg_TS_pf_all": 0.007744107744107745,
"std_TS_pf_all": 0.002075560270359925,
"avg_TS_th_all": 0.4458134186267851,
"std_TS_th_all": 0.06626917742728801
}