{
"avg_TS_f1_0": 0.20000000000000004,
"std_TS_f1_0": 0.14142135623730953,
"avg_TS_ap_0": 0.13419316074065826,
"std_TS_ap_0": 0.06962939233683496,
"avg_TS_auc_0": 0.8754882154882155,
"std_TS_auc_0": 0.07410297874985612,
"avg_TS_pc_0": 0.19999999999999998,
"std_TS_pc_0": 0.1414213562373095,
"avg_TS_pf_0": 0.00808080808080808,
"std_TS_pf_0": 0.001428498547851611,
"avg_TS_th_0": 0.47598952651023846,
"std_TS_th_0": 0.06600574383724518,
"avg_TS_f1_all": 0.20000000000000004,
"std_TS_f1_all": 0.14142135623730953,
"avg_TS_ap_all": 0.13419316074065826,
"std_TS_ap_all": 0.06962939233683496,
"avg_TS_auc_all": 0.8754882154882155,
"std_TS_auc_all": 0.07410297874985612,
"avg_TS_pc_all": 0.19999999999999998,
"std_TS_pc_all": 0.1414213562373095,
"avg_TS_pf_all": 0.00808080808080808,
"std_TS_pf_all": 0.001428498547851611,
"avg_TS_th_all": 0.47598952651023846,
"std_TS_th_all": 0.06600574383724518
}