{
"avg_TS_f1_0": 0.46666666666666673,
"std_TS_f1_0": 0.04714045207910313,
"avg_TS_ap_0": 0.42594182568732375,
"std_TS_ap_0": 0.09672543797431626,
"avg_TS_auc_0": 0.9541750841750841,
"std_TS_auc_0": 0.010613700417684672,
"avg_TS_pc_0": 0.4666666666666666,
"std_TS_pc_0": 0.04714045207910316,
"avg_TS_pf_0": 0.0053872053872053875,
"std_TS_pf_0": 0.0004761661826172035,
"avg_TS_th_0": 0.4345032507181165,
"std_TS_th_0": 0.02107436457633822,
"avg_TS_f1_all": 0.46666666666666673,
"std_TS_f1_all": 0.04714045207910313,
"avg_TS_ap_all": 0.42594182568732375,
"std_TS_ap_all": 0.09672543797431626,
"avg_TS_auc_all": 0.9541750841750841,
"std_TS_auc_all": 0.010613700417684672,
"avg_TS_pc_all": 0.4666666666666666,
"std_TS_pc_all": 0.04714045207910316,
"avg_TS_pf_all": 0.0053872053872053875,
"std_TS_pf_all": 0.0004761661826172035,
"avg_TS_th_all": 0.4345032507181165,
"std_TS_th_all": 0.02107436457633822
}